ID,Severity,Confidence,Category,Component,File,Commit,Finding,Impact,Remediation,Release_Blocker,Status
"PUB-001","HIGH","High","Privacy","Activity albums","public/resources/METC/活动成果展览/**","0a0265c; current f23bfd9","At least 79 original activity images across six albums include identifiable people; visual review confirmed recognizable elementary-age students in five in-person school albums and identifiable adults in the online album. No consent ledger is present in the repository.","Public Git history would permanently associate identifiable children with schools and classroom activities; publication may violate consent or safeguarding expectations.","Obtain and record explicit publication authorization per image/person or remove/anonymize the affected media; review both current content and history.","YES","OPEN"
"PUB-002","HIGH","High","Privacy/Metadata","Activity image EXIF","public/resources/METC/活动成果展览/{上步小学,梅丽小学}/**","0a0265c; current f23bfd9","Seventeen current images contain GPSLatitude and GPSLongitude EXIF fields; dates, device details, and host-computer metadata also occur.","A public clone permits extraction of precise capture locations linked to children, schools, and dates.","Strip sensitive EXIF from approved derivatives, replace the committed blobs, and remove the original metadata-bearing blobs from reachable history.","YES","OPEN"
"PUB-003","HIGH","High","Privacy","Client contact content","content/en.ts; content/zh.ts","5f72675; current f23bfd9","Three named student leaders are published with unique school email addresses whose local parts contain student-number identifiers; the values are embedded in browser output.","Public source and bundles facilitate harvesting, profiling, phishing, and student-ID correlation.","Use role-based aliases or obtain documented consent; remove/redact current and historical personal addresses if not expressly approved.","YES","OPEN"
"PUB-004","HIGH","High","Data Exposure","Raw public resource corpus","public/resources/**","0a0265c; 3f2b7e7; current f23bfd9","The R2 migration deletion in 522861a did not survive integration: origin/main still contains 411 public-resource files, about 483 MiB of regular Git blobs plus 472 MiB of LFS payloads, including originals, Office sources, PDFs, HEIC, photos, and video.","Making the repository public exposes the complete raw corpus; enabling GitHub Pages would also copy regular public/ resources into the site artifact, contrary to documentation that says resources are R2-only.","Define a public-content allowlist, move private/raw sources outside the public repository and public/ tree, repair generation paths, and clean reachable Git/LFS history.","YES","OPEN"
"DEPLOY-001","HIGH","Medium","Deployment/Vercel","GitHub environments and Vercel integration","External configuration","N/A","GitHub records 28 Vercel-style bot deployments across multiple Preview and Production environment variants; those environments have no protection rules. Fork-PR deployment approval and Vercel environment-variable scoping could not be verified.","After publication, an external PR could become a secret-exfiltration or malicious-preview path if any linked Vercel project builds fork code with privileged variables.","Inventory and remove duplicate Vercel projects, disable or require approval for fork previews, scope Preview variables to non-privileged values, protect Production, and test with a benign fork before release.","YES","MANUAL VERIFICATION REQUIRED"
"META-001","MEDIUM","High","Privacy/Metadata","Office and PDF resources","public/resources/METC/课程设计/**","0c8e9c7; b34e79e; current f23bfd9","Thirteen of 17 current OOXML source files contain non-generic creator or last-modified identities; eight generated/source PDFs contain Author fields and all 16 unique PDFs contain other metadata. No comments, tracked changes, macros, embedded objects, form fields, or executable PDF JavaScript were confirmed.","Personal author identities and workstation history become searchable and permanently attributable in public Git/LFS history.","Review and scrub approved Office/PDF metadata, regenerate previews from scrubbed sources, and clean old Git/LFS objects if identities are not approved for publication.","YES","OPEN"
"GIT-PII-001","MEDIUM","High","Git Privacy","Commit metadata","All reachable commits","multiple","Of 123 reachable commits, 120 use non-noreply author addresses: consumer-mail domains or a local workstation hostname across three identities.","Public Git history exposes personal addresses and a machine-name identifier to scraping and phishing.","Obtain author consent or rewrite author metadata to approved noreply/organizational identities before publication; configure future contributors to use noreply addresses.","YES","OPEN"
"APP-001","MEDIUM","High","Client XSS","Remote syllabus rendering","components/teaching/course-syllabus.tsx","0c8e9c7; current f23bfd9","The browser fetches HTML from the public R2 host and injects it with dangerouslySetInnerHTML. The generation sanitizer is allowlist-based, but there is no runtime sanitizer or CSP and an out-of-band R2 replacement bypasses generation.","Compromise or misconfiguration of R2 write access could turn a syllabus object into stored DOM XSS on the site origin.","Verify anonymous writes are impossible; integrity-control the publishing pipeline; sanitize fetched markup at runtime or render structured data; deploy a restrictive CSP where supported.","NO","OPEN"
"CI-001","MEDIUM","High","CI/Supply Chain","GitHub Pages workflow",".github/workflows/deploy.yml","74efe5c; 7fc3fa0; current f23bfd9","The build job inherits pages:write and id-token:write, installs with npm without the tracked pnpm lockfile, uses semver ranges, and references action major tags rather than commit SHAs. Repository Actions permit all actions and do not require SHA pinning.","A registry/action compromise or trusted-main compromise receives unnecessary deployment/OIDC capability and produces a non-reproducible build.","Give build contents:read only; grant Pages/OIDC only to deploy; restore pnpm frozen-lockfile; pin actions to reviewed SHAs; restrict allowed actions.","NO","OPEN"
"DEP-001","MEDIUM","High","Dependencies","Next.js build/runtime dependency graph","package.json; pnpm-lock.yaml","current f23bfd9","pnpm audit reported 0 critical, 9 high, and 7 moderate advisories in next 16.2.10 and transitive sharp, postcss, and nanoid. The audited static app has no Server Actions, middleware, dynamic image optimization, or untrusted CSS processing, so the high advisory paths were not practically reachable in the deployed architecture.","Known vulnerable versions increase future risk and build-time exposure if the architecture or content pipeline changes.","Update to patched Next.js and transitive versions, regenerate the lockfile, rerun build/typecheck/audit, and keep automated dependency alerts enabled.","NO","OPEN"
"HYG-001","MEDIUM","High","Repository Hygiene","Ignore rules and historical artifacts",".gitignore; Git history","current f23bfd9","Ignore rules omit .env*, .vercel/, private-key and credential-file patterns. Historical commits contain tsconfig.tsbuildinfo, Playwright state snapshots, and many generated screenshots.","A public contribution workflow has elevated risk of accidental credential, local deployment metadata, or generated-state commits.","Add scoped ignore rules while retaining an explicit .env.example exception; add pre-commit/CI secret scanning; review generated artifacts before history cleanup.","YES","OPEN"
"GH-001","MEDIUM","High","GitHub Configuration","Repository settings","External configuration","N/A","Secret scanning is disabled; code scanning/Advanced Security is not enabled; no SECURITY.md or CODEOWNERS exists; branch protection/rulesets are unavailable on the current private-plan state; allowed Actions are unrestricted and SHA pinning is not required.","A newly public repository would lack core prevention, review, ownership, and disclosure controls during its highest-risk transition period.","After privacy/history remediation, enable public-repo security features and an enforceable main ruleset, restrict Actions, add SECURITY.md/CODEOWNERS, and verify settings before accepting contributions.","YES","OPEN"
"CONTRIB-001","MEDIUM","High","Contribution Attack Surface","Local resource pipeline","tools/resource_pipeline/**","0c8e9c7; current f23bfd9","Maintainers are instructed to process contributed DOCX/PPTX/PDF/HEIC files with LibreOffice, Poppler, Pillow, and sips on local machines without sandboxing or malware screening.","A malicious public contributor could submit a parser exploit or decompression bomb and persuade a maintainer to run the pipeline.","Treat contributed binaries as hostile; require review, size/type limits and malware scanning; process in a disposable least-privileged container/VM with patched converters.","NO","OPEN"
"HDR-001","LOW","High","Browser Hardening","Static hosting headers","next.config.ts; hosting configuration","current f23bfd9","No repository-controlled CSP, frame-ancestors, Referrer-Policy, Permissions-Policy, or nosniff policy is defined. GitHub Pages and Vercel header behavior differs and static export limits Next.js header configuration.","Missing defense-in-depth increases the impact of content injection and permits framing where the host does not add protection.","Choose the production host, configure supported response headers at that host, or add an appropriate meta CSP for directives it can enforce; verify live responses.","NO","OPEN"
"DOC-001","LOW","High","Documentation Exposure","Deployment and image-optimization docs","README.md; docs/IMAGE_OPTIMIZATION.md; docs/RESOURCE_SYSTEM_ARCHITECTURE.md","2b16605; current f23bfd9","Documentation contradicts the current tree and live deployment state, claims resources are absent/R2-only, and includes a personal local filesystem username and internal workstation paths.","Operators may unintentionally publish raw content or follow unsafe assumptions; personal developer metadata becomes public.","Reconcile docs with the chosen deployment/resource model and replace personal absolute paths with neutral placeholders.","NO","OPEN"
"OPS-001","LOW","High","Deployment Reliability","GitHub Pages",".github/workflows/deploy.yml; GitHub settings","current f23bfd9","GitHub Pages is currently disabled while the workflow still deploys to Pages; the three latest runs built successfully but deployment failed with HTTP 404.","Security controls and public-resource behavior cannot be validated against a stable live GitHub Pages deployment, and operators may mistake a successful build for release.","Select one supported production path, enable and protect it intentionally, retire stale deployment integrations, and perform post-deploy header/content verification.","NO","OPEN"
